team,elo,net_rank,games_played,elo_prior,w,elo_final
Michigan Wolverines,1683.4728414016552,2.0,29,1649.1758241758241,0.7435897435897436,1674.6787344206728
Gonzaga Bulldogs,1679.1712142169724,4.0,30,1647.5274725274726,0.75,1671.2602787945975
Duke Blue Devils,1677.7883075828236,1.0,28,1650.0,0.7368421052631579,1670.475595061028
Arizona Wildcats,1675.729538044599,3.0,28,1648.3516483516482,0.7368421052631579,1668.5248302306645
UConn Huskies,1659.1690862670714,9.0,29,1643.4065934065934,0.7435897435897436,1655.1274214310515
Iowa State Cyclones,1637.8523602780017,8.0,28,1644.2307692307693,0.7368421052631579,1639.5308889497828
Florida Gators,1631.464871925517,6.0,28,1645.8791208791208,0.7368421052631579,1635.25809533436
Michigan State Spartans,1629.3849991173563,11.0,28,1641.7582417582416,0.7368421052631579,1632.6411156017998
Houston Cougars,1627.534104164851,10.0,28,1642.5824175824175,0.7368421052631579,1631.494186643158
Virginia Cavaliers,1618.7965342141772,13.0,19,1640.10989010989,0.6551724137931034,1626.1459672816643
Texas Tech Red Raiders,1612.211115046745,15.0,28,1638.4615384615386,0.7368421052631579,1619.1191212085328
Purdue Boilermakers,1609.2328287137564,7.0,28,1645.0549450549452,0.7368421052631579,1618.6597014351219
Kansas Jayhawks,1608.6215811420968,14.0,26,1639.2857142857142,0.7222222222222222,1617.1393959042127
Illinois Fighting Illini,1605.054502274366,5.0,29,1646.7032967032967,0.7435897435897436,1615.733680333066
North Carolina Tar Heels,1609.1854546351612,26.0,28,1629.3956043956043,0.7368421052631579,1614.5039150984358
Kentucky Christian Knights,1490.0,29.0,1,1626.923076923077,0.09090909090909091,1614.4755244755245
Arkansas Razorbacks,1604.6981123478283,18.0,28,1635.989010989011,0.7368421052631579,1612.932559358666
Saint Mary's Gaels,1484.9481496434598,22.0,2,1632.6923076923076,0.16666666666666666,1608.068281350833
Florida Atlantic Owls,1471.1556623227286,6.0,3,1645.8791208791208,0.23076923076923078,1605.5583227507227
Florida Gulf Coast Eagles,1470.6059658182028,6.0,3,1645.8791208791208,0.23076923076923078,1605.4314697112168
Florida International Panthers,1470.605224435723,6.0,3,1645.8791208791208,0.23076923076923078,1605.431298622952
New Mexico Lobos,1510.0,45.0,1,1613.7362637362637,0.09090909090909091,1604.3056943056943
Nebraska Cornhuskers,1583.8761434579235,12.0,19,1640.934065934066,0.6551724137931034,1603.5512891393519
New Mexico Highlands Cowboys,1490.0,45.0,1,1613.7362637362637,0.09090909090909091,1602.4875124875125
Miami (OH) RedHawks,1594.978116869287,49.0,11,1610.4395604395604,0.5238095238095238,1602.3407090456076
Utah State Aggies,1490.2794617562658,25.0,3,1630.2197802197802,0.23076923076923078,1597.925860574354
Alabama Crimson Tide,1581.9179360953865,19.0,24,1635.164835164835,0.7058823529411765,1597.5787887628715
North Carolina Central Eagles,1491.3851435170996,26.0,3,1629.3956043956043,0.23076923076923078,1597.5470365005647
North Carolina A&T Aggies,1490.5358773333292,26.0,3,1629.3956043956043,0.23076923076923078,1597.3510519966176
Louisville Cardinals,1581.1772214457662,16.0,28,1637.6373626373627,0.7368421052631579,1596.0351533382918
Santa Clara Broncos,1487.804356143641,41.0,2,1617.032967032967,0.16666666666666666,1595.4948652180794
BYU Cougars,1581.7330324945844,21.0,28,1633.5164835164835,0.7368421052631579,1595.3602564477158
Vanderbilt Commodores,1575.3708333444176,17.0,23,1636.8131868131868,0.696969696969697,1593.9897283349537
Belmont Bruins,1520.5429637951072,52.0,2,1607.967032967033,0.16666666666666666,1593.3963547717121
Georgia Southern Eagles,1489.713339338894,33.0,3,1623.6263736263736,0.23076923076923078,1592.7233657138784
Arkansas-Pine Bluff Golden Lions,1478.6928231152958,18.0,4,1635.989010989011,0.2857142857142857,1591.0472430250925
Saint Louis Billikens,1547.928258905741,23.0,10,1631.868131868132,0.5,1589.8981953869365
Nevada Wolf Pack,1489.71225631668,63.0,1,1598.901098901099,0.09090909090909091,1588.9748404843338
San Diego State Aztecs,1493.3951314345366,43.0,3,1615.3846153846155,0.23076923076923078,1587.2331960115202
Texas A&M-Corpus Christi Islanders,1490.152711050351,42.0,3,1616.2087912087911,0.23076923076923078,1587.1189265568432
Akron Zips,1501.666346209436,57.0,2,1603.8461538461538,0.16666666666666666,1586.8161859067009
Boise State Broncos,1500.8371279991354,61.0,2,1600.5494505494505,0.16666666666666666,1583.930730124398
Grand Canyon Lopes,1510.0082819270542,73.0,1,1590.6593406593406,0.09090909090909091,1583.3274262291327
Minnesota Crookston Golden Eagles,1490.0,72.0,1,1591.4835164835165,0.09090909090909091,1582.2577422577422
Yale Bulldogs,1501.602068039174,68.0,2,1594.7802197802198,0.16666666666666666,1579.250527823379
Virginia Tech Hokies,1507.4302256435594,53.0,4,1607.142857142857,0.2857142857142857,1578.6535338573435
High Point Panthers,1519.77126661974,76.0,2,1588.1868131868132,0.16666666666666666,1576.7842220923012
Tennessee Volunteers,1551.741560093731,20.0,23,1634.3406593406594,0.696969696969697,1576.7715901685579
Wisconsin Badgers,1541.6808985212892,34.0,14,1622.8021978021977,0.5833333333333334,1575.4814398883345
Villanova Wildcats,1490.631073129451,30.0,6,1626.098901098901,0.375,1575.2984656103572
Texas Longhorns,1521.986056995439,40.0,9,1617.857142857143,0.47368421052631576,1572.444523238441
VCU Rams,1492.5811772127634,47.0,5,1612.0879120879122,0.3333333333333333,1572.252333796196
McNeese Cowboys,1512.8482247263885,60.0,5,1601.3736263736264,0.3333333333333333,1571.8651591578805
UCF Knights,1524.1550952733403,44.0,9,1614.5604395604396,0.47368421052631576,1571.7368554244454
Kentucky Wildcats,1538.050179061735,29.0,17,1626.923076923077,0.6296296296296297,1570.9660671585284
Seton Hall Pirates,1483.19487752257,56.0,4,1604.6703296703297,0.2857142857142857,1569.9630576281127
Georgia Bulldogs,1525.9186135090883,33.0,13,1623.6263736263736,0.5652173913043478,1568.4002483426907
SMU Mustangs,1484.4062298664162,31.0,7,1625.2747252747254,0.4117647058823529,1567.2700506948333
Clemson Tigers,1522.064812561804,36.0,12,1621.1538461538462,0.5454545454545454,1567.1052823763687
Dayton Flyers,1503.7973716046515,71.0,4,1592.3076923076924,0.2857142857142857,1567.019029249681
UCLA Bruins,1528.349200583787,37.0,14,1620.3296703296703,0.5833333333333334,1566.6743963112385
Utah Valley Wolverines,1508.693597586803,82.0,3,1583.2417582417584,0.23076923076923078,1566.0383365521534
Illinois State Redbirds,1528.5983548271363,90.0,3,1576.6483516483518,0.23076923076923078,1565.5598908434558
Auburn Tigers,1531.7821038335817,35.0,17,1621.978021978022,0.6296296296296297,1565.1879994426336
Sam Houston Bearkats,1490.28774368332,95.0,1,1572.5274725274726,0.09090909090909091,1565.0511335416404
Texas A&M Aggies,1461.2216217724108,42.0,5,1616.2087912087911,0.3333333333333333,1564.5464013966646
Liberty Flames,1519.131138874426,94.0,2,1573.3516483516482,0.16666666666666666,1564.3148967721113
Colorado State Rams,1508.589136001267,88.0,3,1578.2967032967033,0.23076923076923078,1562.2103416131408
TCU Horned Frogs,1496.9365884262436,46.0,8,1612.9120879120878,0.4444444444444444,1561.3674214739349
Hofstra Pride,1511.141773125845,91.0,3,1575.8241758241759,0.23076923076923078,1560.8974675091763
George Mason Patriots,1509.7206759050823,103.0,1,1565.934065934066,0.09090909090909091,1560.823757749613
UNC Wilmington Seahawks,1519.17080029487,89.0,4,1577.4725274725274,0.2857142857142857,1560.8148911360538
California Golden Bears,1490.4206088287124,58.0,6,1603.021978021978,0.375,1560.7964645745033
Wyoming Cowboys,1500.7973708830486,96.0,2,1571.7032967032967,0.16666666666666666,1559.885642399922
Stanford Cardinal,1516.6692987439867,74.0,7,1589.835164835165,0.4117647058823529,1559.7080435035032
Murray State Racers,1519.1862880120968,101.0,2,1567.5824175824175,0.16666666666666666,1559.516395987364
St. John's Red Storm,1589.12811969909,,20,1500.0,0.6666666666666666,1559.41874646606
West Virginia Mountaineers,1493.1342372615077,65.0,6,1597.2527472527472,0.375,1558.2083060060324
Oklahoma Sooners,1480.7591411921371,66.0,5,1596.4285714285713,0.3333333333333333,1557.8720946830936
Butler Bulldogs,1487.5518274846288,79.0,4,1585.7142857142858,0.2857142857142857,1557.667869077241
Missouri Tigers,1503.4782993421284,59.0,9,1602.1978021978023,0.47368421052631576,1555.4359324240622
George Washington Revolutionaries,1471.6947688347616,86.0,3,1579.945054945055,0.23076923076923078,1554.9642196888335
Iowa Hawkeyes,1479.2681535399945,27.0,10,1628.5714285714287,0.5,1553.9197910557116
Cincinnati Bearcats,1492.2916432012255,54.0,9,1606.3186813186812,0.47368421052631576,1552.3058737893602
NC State Wolfpack,1483.1602265648748,28.0,11,1627.7472527472528,0.5238095238095238,1552.0111914136264
Bradley Braves,1490.0,114.0,1,1556.868131868132,0.09090909090909091,1550.789210789211
Ohio State Buckeyes,1473.242282801663,38.0,9,1619.5054945054944,0.47368421052631576,1550.2229205405215
UIC Flames,1500.28774368332,111.0,2,1559.3406593406594,0.16666666666666666,1549.498506731103
Indiana Hoosiers,1486.4687063703157,39.0,11,1618.6813186813188,0.5238095238095238,1549.427093185079
Minnesota Golden Gophers,1495.2469243129617,72.0,8,1591.4835164835165,0.4444444444444444,1548.7116977410478
Georgetown Hoyas,1479.8967914712307,99.0,3,1569.2307692307693,0.23076923076923078,1548.6152359016448
Washington Huskies,1476.1402354958966,55.0,8,1605.4945054945056,0.4444444444444444,1548.003718828457
Arizona State Sun Devils,1489.3886530038194,75.0,7,1589.010989010989,0.4117647058823529,1547.9900271256838
Pacific Tigers,1486.714663512296,110.0,2,1560.164835164835,0.16666666666666666,1547.9231398894121
Colorado Buffaloes,1472.5364612167496,70.0,6,1593.131868131868,0.375,1547.9085905386987
Davidson Wildcats,1491.9327305426075,106.0,3,1563.4615384615386,0.23076923076923078,1546.9548904802468
Xavier Musketeers,1488.6227825203862,98.0,4,1570.054945054945,0.2857142857142857,1546.788612902214
Oklahoma State Cowboys,1498.1416980923282,80.0,8,1584.89010989011,0.4444444444444444,1546.3352602022069
UAB Blazers,1480.0557437867617,112.0,2,1558.5164835164835,0.16666666666666666,1545.43969356153
UC Irvine Anteaters,1526.0884645921624,117.0,5,1554.3956043956043,0.3333333333333333,1544.9598911277903
LSU Tigers,1455.41036203654,64.0,6,1598.076923076923,0.375,1544.5769626867793
North Dakota State Bison,1519.7445249130064,124.0,2,1548.6263736263736,0.16666666666666666,1543.8127321741458
Northwestern Wildcats,1459.828816675971,69.0,6,1593.956043956044,0.375,1543.6583337260165
Providence Friars,1470.6084058740853,77.0,6,1587.3626373626373,0.375,1543.5798005544302
Florida State Seminoles,1461.5708645244038,81.0,5,1584.065934065934,0.3333333333333333,1543.2342442187573
Wake Forest Demon Deacons,1454.070411684973,67.0,6,1595.6043956043957,0.375,1542.5291516346122
UC San Diego Tritons,1509.774608055997,120.0,3,1551.923076923077,0.23076923076923078,1542.19650718452
Creighton Bluejays,1492.29244242476,84.0,8,1581.5934065934066,0.4444444444444444,1541.9040891851191
South Carolina Upstate Spartans,1472.349786935621,108.0,3,1561.8131868131868,0.23076923076923078,1541.1677868414408
Seattle U Redhawks,1486.9555924758654,121.0,2,1551.098901098901,0.16666666666666666,1540.4083496617284
Syracuse Orange,1468.499899073288,78.0,7,1586.5384615384614,0.4117647058823529,1537.9343475822134
DePaul Blue Demons,1478.9823117752087,102.0,5,1566.7582417582416,0.3333333333333333,1537.4995984305642
Notre Dame Fighting Irish,1463.5298792996548,93.0,5,1574.1758241758241,0.3333333333333333,1537.2938425504344
Ole Miss Rebels,1472.6608480155692,92.0,6,1575.0,0.375,1536.6228180058383
Rhode Island Rams,1511.796185360059,136.0,1,1538.7362637362637,0.09090909090909091,1536.2871657020632
Fresno State Bulldogs,1491.119878179431,134.0,1,1540.3846153846155,0.09090909090909091,1535.9060029114169
William & Mary Tribe,1499.4783521579404,122.0,4,1550.2747252747254,0.2857142857142857,1535.7614758127868
Washington State Cougars,1487.832652507502,128.0,2,1545.3296703296703,0.16666666666666666,1535.7468340259757
Duquesne Dukes,1499.71225631668,132.0,2,1542.032967032967,0.16666666666666666,1534.9795152469192
Winthrop Eagles,1502.120653860896,126.0,4,1546.978021978022,0.2857142857142857,1534.1616310874147
Mississippi State Bulldogs,1460.5439951958017,97.0,5,1570.8791208791208,0.3333333333333333,1534.100745651348
UNLV Rebels,1480.8985886583266,129.0,2,1544.5054945054944,0.16666666666666666,1533.9043435309666
Troy Trojans,1489.7285561198653,137.0,1,1537.9120879120878,0.09090909090909091,1533.5317668400676
Portland State Vikings,1536.7277632646376,145.0,4,1531.3186813186812,0.2857142857142857,1532.8641333032401
Navy Midshipmen,1481.3611713178043,131.0,2,1542.857142857143,0.16666666666666666,1532.6078142672532
Austin Peay Governors,1527.1191415747246,142.0,3,1533.7912087912089,0.23076923076923078,1532.2515009720203
San Francisco Dons,1478.7592289044376,127.0,3,1546.1538461538462,0.23076923076923078,1530.6012421732134
Saint Joseph's Hawks,1489.7377241612112,141.0,1,1534.6153846153845,0.09090909090909091,1530.5355973013686
Arkansas State Red Wolves,1519.434634913664,144.0,2,1532.142857142857,0.16666666666666666,1530.0248201046581
California Baptist Lancers,1473.4700740149128,113.0,5,1557.6923076923076,0.3333333333333333,1529.6182297998428
Marquette Golden Eagles,1469.5405086177316,104.0,6,1565.10989010989,0.375,1529.2713720503307
UC Santa Barbara Gauchos,1507.8885672601673,135.0,5,1539.5604395604396,0.3333333333333333,1529.0031487936824
Baylor Bears,1448.1250059447502,50.0,10,1609.6153846153845,0.5,1528.8701952800675
Robert Morris Colonials,1527.7650254354587,149.0,3,1528.021978021978,0.23076923076923078,1527.9626812712427
South Carolina Gamecocks,1471.0568775464023,108.0,6,1561.8131868131868,0.375,1527.7795708381427
Montana State Bobcats,1508.4053324031331,139.0,5,1536.2637362637363,0.3333333333333333,1526.9776016435353
Wright State Raiders,1517.0274506624116,147.0,4,1529.6703296703297,0.2857142857142857,1526.0580785252102
Maryland Eastern Shore Hawks,1490.6223820136584,140.0,3,1535.4395604395604,0.23076923076923078,1525.0971346489673
Harvard Crimson,1510.5157512376018,150.0,3,1527.1978021978023,0.23076923076923078,1523.3480981300636
St. Bonaventure Bonnies,1481.8946814213714,146.0,2,1530.4945054945056,0.16666666666666666,1522.3945348156499
Memphis Tigers,1457.4721893013657,118.0,5,1553.5714285714287,0.3333333333333333,1521.5383488147413
North Texas Mean Green,1508.4479405139143,153.0,3,1524.7252747252746,0.23076923076923078,1520.9689668303454
Pittsburgh Panthers,1462.7264122764232,123.0,5,1549.4505494505495,0.3333333333333333,1520.542503725841
Marshall Thundering Herd,1520.4919208591523,161.0,4,1518.131868131868,0.2857142857142857,1518.806168911092
Kent State Golden Flashes,1492.6827279643069,151.0,3,1526.3736263736264,0.23076923076923078,1518.5988036637832
Cornell Big Red,1492.963264794039,154.0,3,1523.901098901099,0.23076923076923078,1516.7615987225465
Valparaiso Beacons,1471.6893888561838,148.0,3,1528.8461538461538,0.23076923076923078,1515.6561311561609
Oakland City Mighty Oaks,1489.71225631668,163.0,1,1516.4835164835165,0.09090909090909091,1514.0497655592587
Utah Utes,1455.2252146214887,116.0,7,1555.2197802197802,0.4117647058823529,1514.045547326366
Kansas State Wildcats,1453.468963075261,100.0,9,1568.4065934065934,0.47368421052631576,1513.962452723331
Kennesaw State Owls,1490.881699351019,158.0,3,1520.6043956043957,0.23076923076923078,1513.7453118536164
Hawai'i Rainbow Warriors,1534.7172902176628,,6,1500.0,0.375,1513.0189838316237
Bowling Green Falcons,1500.4177333979455,165.0,4,1514.835164835165,0.2857142857142857,1510.7158987102453
Utah Tech Trailblazers,1491.1580993979917,160.0,5,1518.956043956044,0.3333333333333333,1509.690062436693
UT Arlington Mavericks,1508.555162935295,171.0,3,1509.89010989011,0.23076923076923078,1509.5820452082294
South Florida Bulls,1528.1167103632704,,5,1500.0,0.3333333333333333,1509.372236787757
Oregon Ducks,1439.7271365764866,107.0,8,1562.6373626373627,0.4444444444444444,1508.0105954991955
Boston College Eagles,1468.6342842088466,156.0,4,1522.2527472527472,0.2857142857142857,1506.9331863830614
Idaho Vandals,1480.0297543816216,162.0,4,1517.3076923076924,0.2857142857142857,1506.6568529002436
Charleston Southern Buccaneers,1528.6035598772455,,3,1500.0,0.23076923076923078,1506.6008215101335
Temple Owls,1489.71225631668,173.0,1,1508.2417582417581,0.09090909090909091,1506.557258066751
Columbia College (SC) Fighting Koalas,1490.0,174.0,1,1507.4175824175825,0.09090909090909091,1505.8341658341658
Northern Kentucky Norse,1519.1163500708435,,4,1500.0,0.2857142857142857,1505.4618143059554
Penn State Nittany Lions,1450.5272789227126,130.0,7,1543.6813186813188,0.4117647058823529,1505.3237728983634
Northern Iowa Panthers,1518.3401015911786,,4,1500.0,0.2857142857142857,1505.2400290260512
Toledo Rockets,1481.7660307734538,166.0,4,1514.010989010989,0.2857142857142857,1504.7981438002648
Oregon State Beavers,1503.9605852650348,177.0,2,1504.945054945055,0.16666666666666666,1504.7809766650516
Southern Illinois Salukis,1519.1698125114651,,3,1500.0,0.23076923076923078,1504.4238028872612
Towson Tigers,1512.4491565675364,183.0,5,1500.0,0.3333333333333333,1504.1497188558455
South Alabama Jaguars,1508.8871126447368,180.0,3,1502.4725274725274,0.23076923076923078,1503.9528163584218
Cal State Fullerton Titans,1527.673145676035,193.0,5,1491.7582417582419,0.3333333333333333,1503.7298763975064
Stephen F. Austin Lumberjacks,1518.8478009478451,,2,1500.0,0.16666666666666666,1503.1413001579742
SIU Edwardsville Cougars,1509.3635075506388,,5,1500.0,0.3333333333333333,1503.1211691835465
Cal State Northridge Matadors,1508.9268779733286,,5,1500.0,0.3333333333333333,1502.9756259911096
Columbia Lions,1480.5974379997629,174.0,2,1507.4175824175825,0.16666666666666666,1502.947558347946
App State Mountaineers,1509.439079039431,182.0,3,1500.8241758241759,0.23076923076923078,1502.8122304123117
Central Connecticut Blue Devils,1510.377442300952,,3,1500.0,0.23076923076923078,1502.3947943771427
Marist Red Foxes,1489.020857204673,172.0,5,1509.065934065934,0.3333333333333333,1502.384241778847
Lipscomb Bisons,1503.8447962531627,181.0,4,1501.6483516483515,0.2857142857142857,1502.275907249726
Charleston Cougars,1509.5098620186805,,3,1500.0,0.23076923076923078,1502.1945835427723
Southeast Missouri State Redhawks,1509.0556842672856,,3,1500.0,0.23076923076923078,1502.0897732924504
Merrimack Warriors,1511.7281439117623,189.0,7,1495.0549450549452,0.4117647058823529,1501.9203798783406
Central Arkansas Bears,1503.463925940971,,6,1500.0,0.375,1501.2989722278642
Middle Tennessee Blue Raiders,1503.764519430978,,4,1500.0,0.2857142857142857,1501.0755769802795
USC Trojans,1501.5274891042573,,9,1500.0,0.47368421052631576,1500.7235474704378
Loyola Marymount Lions,1502.9689892662325,,2,1500.0,0.16666666666666666,1500.4948315443721
Queens University Royals,1501.8919258449152,,2,1500.0,0.16666666666666666,1500.3153209741527
Oakland Golden Grizzlies,1477.1089869626,163.0,7,1516.4835164835165,0.4117647058823529,1500.2704749160803
Mercer Bears,1489.7421320003004,179.0,3,1503.2967032967033,0.23076923076923078,1500.1687253052255
Army Black Knights,1500.8382002210046,,2,1500.0,0.16666666666666666,1500.139700036834
Western Kentucky Hilltoppers,1500.28774368332,,2,1500.0,0.16666666666666666,1500.0479572805534
Lamar Cardinals,1499.3199670144031,,2,1500.0,0.16666666666666666,1499.886661169067
St. Thomas-Minnesota Tommies,1498.6778260719946,,2,1500.0,0.16666666666666666,1499.7796376786657
East Tennessee State Buccaneers,1492.0427387001362,,1,1500.0,0.09090909090909091,1499.2766126091033
San José State Spartans,1490.5750112778453,,1,1500.0,0.09090909090909091,1499.1431828434404
Coe Kohawks,1490.28774368332,,1,1500.0,0.09090909090909091,1499.1170676075744
Lyon Scots,1490.0,,1,1500.0,0.09090909090909091,1499.090909090909
Dominican (IL) Dominican,1490.0,,1,1500.0,0.09090909090909091,1499.090909090909
Warren Wilson Owls,1490.0,,1,1500.0,0.09090909090909091,1499.090909090909
Central State (OH) Marauders,1490.0,,1,1500.0,0.09090909090909091,1499.090909090909
Cleary University Cougars,1490.0,,1,1500.0,0.09090909090909091,1499.090909090909
Apprentice School Builders,1490.0,,1,1500.0,0.09090909090909091,1499.090909090909
St. Xavier  (IL) Cougars,1490.0,,1,1500.0,0.09090909090909091,1499.090909090909
Albany St (GA) Golden Rams,1490.0,,1,1500.0,0.09090909090909091,1499.090909090909
Rhodes Lynx,1490.0,,1,1500.0,0.09090909090909091,1499.090909090909
Ecclesia Royals,1490.0,,1,1500.0,0.09090909090909091,1499.090909090909
Southern Wesleyan Warriors,1490.0,,1,1500.0,0.09090909090909091,1499.090909090909
WVU Tech Golden Bears,1490.0,,1,1500.0,0.09090909090909091,1499.090909090909
Morehouse Maroon Tigers,1489.7739628203342,,1,1500.0,0.09090909090909091,1499.070360256394
West Coast Baptist Eagles,1489.7442964384095,,1,1500.0,0.09090909090909091,1499.0676633125827
Bryan (TN) Lions,1489.7202935886503,,1,1500.0,0.09090909090909091,1499.0654812353318
Manor College Blue Jays,1489.71225631668,,1,1500.0,0.09090909090909091,1499.0647505742436
Campbellsville Tigers,1489.71225631668,,1,1500.0,0.09090909090909091,1499.0647505742436
Ozark Christian Ambassadors,1489.71225631668,,1,1500.0,0.09090909090909091,1499.0647505742436
Elms College Blazers,1489.46409966776,,1,1500.0,0.09090909090909091,1499.0421908788871
Elizabeth City State Vikings,1489.463089740424,,1,1500.0,0.09090909090909091,1499.042099067311
Montana Grizzlies,1509.2837051122108,191.0,5,1493.4065934065934,0.3333333333333333,1498.6989639751325
UT Martin Skyhawks,1499.1535792480522,185.0,4,1498.3516483516485,0.2857142857142857,1498.5807714649065
Buffalo Bulls,1491.0935398671843,184.0,1,1499.1758241758241,0.09090909090909091,1498.4410710568568
UT Rio Grande Valley Vaqueros,1491.2670638435982,,3,1500.0,0.23076923076923078,1497.9847070408305
Eastern Washington Eagles,1493.3310475117885,,5,1500.0,0.3333333333333333,1497.777015837263
Pennsylvania Quakers,1490.294500751286,,3,1500.0,0.23076923076923078,1497.760269404143
North Alabama Lions,1490.0082748727182,,3,1500.0,0.23076923076923078,1497.6942172783197
Long Island University Sharks,1492.6100010474158,,5,1500.0,0.3333333333333333,1497.5366670158055
Eastern Michigan Eagles,1483.8617731139743,,2,1500.0,0.16666666666666666,1497.3102955189956
Southern Jaguars,1491.8275914303697,,5,1500.0,0.3333333333333333,1497.2758638101234
Western Michigan Broncos,1482.4608073177603,,2,1500.0,0.16666666666666666,1497.0768012196268
Monmouth Hawks,1499.944730637034,188.0,4,1495.8791208791208,0.2857142857142857,1497.0407236670958
West Georgia Wolves,1490.807814950977,,5,1500.0,0.3333333333333333,1496.9359383169924
Northern Illinois Huskies,1481.4048632464096,,2,1500.0,0.16666666666666666,1496.9008105410683
New Mexico State Aggies,1490.2794684162,186.0,1,1497.5274725274726,0.09090909090909091,1496.8685630628115
Western Carolina Catamounts,1480.85450002419,,2,1500.0,0.16666666666666666,1496.8090833373649
UL Monroe Warhawks,1480.583511630534,,2,1500.0,0.16666666666666666,1496.763918605089
Eastern Kentucky Colonels,1479.0113832102747,,2,1500.0,0.16666666666666666,1496.5018972017124
Georgia Tech Yellow Jackets,1462.2721287530048,169.0,5,1511.5384615384614,0.3333333333333333,1495.116350609976
Siena Saints,1510.574928779631,195.0,3,1490.10989010989,0.23076923076923078,1494.8325913413687
Northern Colorado Bears,1481.5470723950095,,4,1500.0,0.2857142857142857,1494.7277349700028
Tulane Green Wave,1510.5461498753689,192.0,1,1492.5824175824175,0.09090909090909091,1494.2154841545039
Weber State Wildcats,1501.9532579821096,194.0,4,1490.934065934066,0.2857142857142857,1494.0824065192214
Maryland Terrapins,1441.5507979994147,140.0,8,1535.4395604395604,0.4444444444444444,1493.7112215772736
Rutgers Scarlet Knights,1455.8599630964484,164.0,6,1515.6593406593406,0.375,1493.234574073256
Miami Hurricanes,1479.23079296824,,5,1500.0,0.3333333333333333,1493.0769309894135
Southern Indiana Screaming Eagles,1479.1597135932568,,5,1500.0,0.3333333333333333,1493.053237864419
SE Louisiana Lions,1469.633504328237,,3,1500.0,0.23076923076923078,1492.99234715267
New Orleans Privateers,1513.1563335976002,205.0,5,1481.868131868132,0.3333333333333333,1492.2975324446215
Youngstown State Penguins,1518.444788717851,206.0,4,1481.043956043956,0.2857142857142857,1491.7299082364975
Incarnate Word Cardinals,1469.8809003202878,,5,1500.0,0.3333333333333333,1489.9603001067626
UC Davis Aggies,1463.257042753302,176.0,6,1505.7692307692307,0.375,1489.8271602632574
Northern Arizona Lumberjacks,1462.5776980414753,,4,1500.0,0.2857142857142857,1489.307913726136
Mississippi Valley State Delta Devils,1461.4315538254468,,4,1500.0,0.2857142857142857,1488.9804439501277
Western Illinois Leathernecks,1460.5097785001758,,4,1500.0,0.2857142857142857,1488.717079571479
Samford Bulldogs,1519.6730146274183,214.0,4,1474.4505494505495,0.2857142857142857,1487.3712537867978
IU Indianapolis Jaguars,1461.449374106737,,5,1500.0,0.3333333333333333,1487.1497913689125
Campbell Fighting Camels,1502.651871241129,210.0,6,1477.7472527472528,0.375,1487.0864846824563
Cal Poly Mustangs,1530.4166526394683,225.0,5,1465.3846153846155,0.3333333333333333,1487.061961136233
Massachusetts Minutemen,1482.6561417436938,198.0,2,1487.6373626373627,0.16666666666666666,1486.8071591550845
Eastern Illinois Panthers,1467.2490826966814,,7,1500.0,0.4117647058823529,1486.5143281692217
Tennessee State Tigers,1501.872765233777,207.0,4,1480.2197802197802,0.2857142857142857,1486.4063473666365
Drake Bulldogs,1489.71225631668,200.0,1,1485.989010989011,0.09090909090909091,1486.327487836981
Cal State Bakersfield Roadrunners,1462.7289262497095,,6,1500.0,0.375,1486.023347343641
James Madison Dukes,1501.8414676908192,208.0,4,1479.3956043956043,0.2857142857142857,1485.8087081942372
Howard Bison,1502.3713632862,209.0,4,1478.5714285714287,0.2857142857142857,1485.3714099185063
Quinnipiac Bobcats,1510.2719803188015,212.0,3,1476.098901098901,0.23076923076923078,1483.9849963034933
Elon Phoenix,1480.0477171134394,204.0,2,1482.6923076923076,0.16666666666666666,1482.2515425958297
Coastal Carolina Chanticleers,1510.0,216.0,3,1472.8021978021977,0.23076923076923078,1481.3863060016906
Drexel Dragons,1489.5219836587314,211.0,3,1476.923076923077,0.23076923076923078,1479.8305169389969
Missouri State Bears,1509.1613571284688,219.0,3,1470.3296703296703,0.23076923076923078,1479.2908288217009
Green Bay Phoenix,1492.687113794804,220.0,7,1469.5054945054944,0.4117647058823529,1479.0508671540338
Vermont Catamounts,1508.3500474563598,227.0,5,1463.7362637362637,0.3333333333333333,1478.6075249762957
UMBC Retrievers,1538.5995439432277,239.0,4,1453.8461538461538,0.2857142857142857,1478.0614081596036
Idaho State Bengals,1490.9703510730585,218.0,5,1471.1538461538462,0.3333333333333333,1477.7593477935839
Jacksonville State Gamecocks,1490.0,213.0,1,1475.2747252747254,0.09090909090909091,1476.6133866133866
South Dakota State Jackrabbits,1464.9380735644645,203.0,6,1483.5164835164835,0.375,1476.5495797844765
Tarleton State Texans,1490.3410649616226,217.0,3,1471.978021978022,0.23076923076923078,1476.2156472819297
Denver Pioneers,1510.8732882973668,233.0,5,1458.7912087912089,0.3333333333333333,1476.1519019599282
Southern Miss Golden Eagles,1490.2879419662922,222.0,5,1467.857142857143,0.3333333333333333,1475.334075893526
Iona Gaels,1509.3044286420177,234.0,5,1457.967032967033,0.3333333333333333,1475.079498192028
Stony Brook Seawolves,1499.497046499307,221.0,2,1468.6813186813188,0.16666666666666666,1473.8172733176502
Portland Pilots,1508.3111991891124,232.0,4,1459.6153846153845,0.2857142857142857,1473.5284744935925
Ohio Bobcats,1472.9744703649712,215.0,3,1473.6263736263736,0.23076923076923078,1473.4759344122037
Fairfield Stags,1507.8446462580223,230.0,3,1461.2637362637363,0.23076923076923078,1472.0131770316482
Wofford Terriers,1500.8382002210046,228.0,2,1462.9120879120878,0.16666666666666666,1469.2331066302406
Colgate Raiders,1472.5076593329038,224.0,3,1466.2087912087911,0.23076923076923078,1467.6623761605094
UNC Asheville Bulldogs,1499.993221421984,231.0,2,1460.4395604395604,0.16666666666666666,1467.0318372699644
Indiana State Sycamores,1472.4798156115548,226.0,3,1464.5604395604396,0.23076923076923078,1466.3879878799276
Dartmouth Big Green,1501.8525867573114,244.0,4,1449.7252747252746,0.2857142857142857,1464.6187924487135
Abilene Christian Wildcats,1485.736446362464,237.0,4,1455.4945054945056,0.2857142857142857,1464.135060028208
Saint Peter's Peacocks,1500.5601744683356,236.0,2,1456.3186813186812,0.16666666666666666,1463.6922635102903
Louisiana Tech Bulldogs,1520.2714307720112,242.0,2,1451.3736263736264,0.16666666666666666,1462.8565937733572
Texas State Bobcats,1500.5746503445464,240.0,2,1453.021978021978,0.16666666666666666,1460.9474234090726
Morehead State Eagles,1508.8228736333222,260.0,5,1436.5384615384614,0.3333333333333333,1460.6332655700817
Bethune-Cookman Wildcats,1486.1030053469156,250.0,6,1444.7802197802198,0.375,1460.2762643677306
Lindenwood Lions,1500.2839039836351,262.0,6,1434.89010989011,0.375,1459.412782675182
Radford Highlanders,1500.020310238923,243.0,2,1450.5494505494505,0.16666666666666666,1458.7945938310295
Detroit Mercy Titans,1492.732508203945,246.0,3,1448.076923076923,0.23076923076923078,1458.382058106236
San Diego Toreros,1492.8612768884514,238.0,1,1454.6703296703297,0.09090909090909091,1458.1422339628862
La Salle Explorers,1484.0858423611512,241.0,2,1452.1978021978023,0.16666666666666666,1457.5124755583604
American University Eagles,1509.987679364543,255.0,3,1440.6593406593406,0.23076923076923078,1456.6581880528488
North Dakota Fighting Hawks,1502.411492786092,273.0,6,1425.8241758241759,0.375,1454.5444196848944
Hampton Pirates,1518.5963922209512,271.0,4,1427.4725274725274,0.2857142857142857,1453.5079174006485
Purdue Fort Wayne Mastodons,1488.3927043897572,257.0,4,1439.010989010989,0.2857142857142857,1453.12005054778
Nicholls Colonels,1470.9370658344874,248.0,3,1446.4285714285713,0.23076923076923078,1452.0843778299366
Milwaukee Panthers,1462.2402353440912,247.0,4,1447.2527472527472,0.2857142857142857,1451.534886707417
Omaha Mavericks,1490.3876486378667,258.0,3,1438.1868131868132,0.23076923076923078,1450.233159829364
Presbyterian Blue Hose,1491.8831046859016,263.0,3,1434.065934065934,0.23076923076923078,1447.4083580551571
Princeton Tigers,1480.3341179126826,259.0,2,1437.3626373626373,0.16666666666666666,1444.5245507876448
Rice Owls,1490.82849297637,256.0,1,1439.8351648351647,0.09090909090909091,1444.4709219389106
Mercyhurst Lakers,1498.2658457148402,280.0,4,1420.0549450549452,0.2857142857142857,1442.400916672058
Le Moyne Dolphins,1500.0442532650702,281.0,4,1419.2307692307693,0.2857142857142857,1442.3203360977125
Delaware Blue Hens,1491.1018369108558,272.0,3,1426.6483516483518,0.23076923076923078,1441.5222328627756
UTEP Miners,1510.0,264.0,1,1433.2417582417584,0.09090909090909091,1440.2197802197802
Long Beach State Beach,1456.0660482225394,267.0,5,1430.7692307692307,0.3333333333333333,1439.201503253667
Southern Utah Thunderbirds,1480.2292734177909,278.0,4,1421.7032967032967,0.2857142857142857,1438.4250043360094
Alabama A&M Bulldogs,1538.46867180283,307.0,4,1397.8021978021977,0.2857142857142857,1437.9926189452353
UC Riverside Highlanders,1458.314563253451,276.0,7,1423.3516483516482,0.4117647058823529,1437.7481427229789
East Carolina Pirates,1484.0700443422877,270.0,2,1428.2967032967033,0.16666666666666666,1437.5922601376342
Longwood Lancers,1479.759501246524,269.0,2,1429.1208791208792,0.16666666666666666,1437.5606494751532
Sacramento State Hornets,1451.4872133431152,268.0,5,1429.9450549450548,0.3333333333333333,1437.1257744110749
Pepperdine Waves,1477.506777713729,274.0,3,1425.0,0.23076923076923078,1437.116948703168
Chattanooga Mocs,1491.8580195805184,284.0,3,1416.7582417582416,0.23076923076923078,1434.0889597172286
East Texas A&M Lions,1492.301365181107,299.0,5,1404.3956043956043,0.3333333333333333,1433.6975246574386
Northeastern Huskies,1461.1273121449317,277.0,4,1422.5274725274726,0.2857142857142857,1433.555998132461
Sacred Heart Pioneers,1510.0306592971936,293.0,3,1409.3406593406594,0.23076923076923078,1432.5768131767825
South Dakota Coyotes,1490.3050964473446,286.0,3,1415.10989010989,0.23076923076923078,1432.462630033918
Grambling Tigers,1470.9365418855518,289.0,5,1412.6373626373627,0.3333333333333333,1432.0704223867592
Mount St. Mary's Mountaineers,1508.347830634764,294.0,3,1408.5164835164835,0.23076923076923078,1431.5544866976252
Little Rock Trojans,1519.1484649500592,309.0,4,1396.1538461538462,0.2857142857142857,1431.295165809907
Georgia State Panthers,1509.74880134032,298.0,3,1405.2197802197802,0.23076923076923078,1429.3418620168277
Lehigh Mountain Hawks,1490.5752495903507,292.0,3,1410.1648351648353,0.23076923076923078,1428.7210846476464
Houston Christian Huskies,1484.433045459548,297.0,4,1406.043956043956,0.2857142857142857,1428.4408387341252
NJIT Highlanders,1492.0193708140107,310.0,5,1395.3296703296703,0.3333333333333333,1427.5595704911173
Fairleigh Dickinson Knights,1529.140541206014,333.0,5,1376.3736263736264,0.3333333333333333,1427.2959313177557
Bellarmine Knights,1490.88684772301,295.0,3,1407.6923076923076,0.23076923076923078,1426.8910476993929
Evansville Purple Aces,1481.117931171855,305.0,5,1399.4505494505495,0.3333333333333333,1426.673010024318
Tennessee Tech Golden Eagles,1473.3477141959045,302.0,5,1401.923076923077,0.3333333333333333,1425.731289347353
UMass Lowell River Hawks,1491.2673928289753,313.0,5,1392.857142857143,0.3333333333333333,1425.6605595144204
Northwestern State Demons,1498.7002352881102,291.0,2,1410.989010989011,0.16666666666666666,1425.6075483721943
Brown Bears,1479.791495460148,288.0,2,1413.4615384615386,0.16666666666666666,1424.5165312946401
Florida A&M Rattlers,1518.017641275916,323.0,4,1384.6153846153845,0.2857142857142857,1422.7303150898222
New Haven Chargers,1492.4329602933071,328.0,6,1380.4945054945056,0.375,1422.4714260440562
Norfolk State Spartans,1491.8647811928422,304.0,3,1400.2747252747254,0.23076923076923078,1421.4108920250599
Texas Southern Tigers,1498.4952015162996,316.0,4,1390.3846153846155,0.2857142857142857,1421.2733542793824
Wagner Seahawks,1490.3444923344648,311.0,3,1394.5054945054944,0.23076923076923078,1416.6221863121798
UNC Greensboro Spartans,1509.7425992805606,296.0,1,1406.868131868132,0.09090909090909091,1416.2203561783526
Stetson Hatters,1498.4808951232242,327.0,4,1381.3186813186812,0.2857142857142857,1414.7935995485504
Loyola Chicago Ramblers,1472.1627813502166,308.0,3,1396.978021978022,0.23076923076923078,1414.328351063913
Jacksonville Dolphins,1479.2438363467231,306.0,2,1398.6263736263736,0.16666666666666666,1412.0626174130987
Alabama State Hornets,1489.3159215563733,318.0,3,1388.7362637362637,0.23076923076923078,1411.9469540024427
Louisiana Ragin' Cajuns,1471.4285961362962,312.0,3,1393.6813186813188,0.23076923076923078,1411.6229980940057
Prairie View A&M Panthers,1508.6484373758478,326.0,3,1382.142857142857,0.23076923076923078,1411.3364525812394
Chicago State Cougars,1489.8392459221277,340.0,5,1370.6043956043957,0.3333333333333333,1410.3493457103064
New Hampshire Wildcats,1480.809146303367,344.0,6,1367.3076923076924,0.375,1409.8707375560703
North Florida Ospreys,1465.7154605299695,334.0,6,1375.5494505494505,0.375,1409.361704292145
UAlbany Great Danes,1509.7580107416331,331.0,3,1378.021978021978,0.23076923076923078,1408.422600957283
Oral Roberts Golden Eagles,1489.5873150601694,324.0,3,1383.7912087912089,0.23076923076923078,1408.2056948532766
Ball State Cardinals,1500.574768761954,321.0,2,1386.2637362637363,0.16666666666666666,1405.3155750134392
Cleveland State Vikings,1480.14491203105,317.0,2,1389.5604395604396,0.16666666666666666,1404.6578516388747
Jackson State Tigers,1459.1456578605969,348.0,7,1364.010989010989,0.4117647058823529,1403.1840879490628
Manhattan Jaspers,1470.56721209952,325.0,3,1382.967032967033,0.23076923076923078,1403.1824589206838
Louisiana Christian Wildcats,1489.71225631668,312.0,1,1393.6813186813188,0.09090909090909091,1402.411403920897
Saint Francis Red Flash,1471.7223734371478,353.0,6,1359.89010989011,0.375,1401.827208720249
Maine Black Bears,1490.615545166245,337.0,3,1373.076923076923,0.23076923076923078,1400.201220482151
Stonehill Skyhawks,1461.151945412611,336.0,4,1373.901098901099,0.2857142857142857,1398.8299121901025
Niagara Purple Eagles,1453.7397855187398,342.0,5,1368.956043956044,0.3333333333333333,1397.2172911436091
Alcorn State Braves,1492.889670387923,346.0,3,1365.6593406593406,0.23076923076923078,1395.020185981321
Lafayette Leopards,1489.71225631668,322.0,1,1385.4395604395604,0.09090909090909091,1394.9188964283894
Loyola Maryland Greyhounds,1479.991969741876,332.0,2,1377.1978021978023,0.16666666666666666,1394.3301634551478
Binghamton Bearcats,1471.7338746759342,360.0,5,1354.1208791208792,0.3333333333333333,1393.3252109725643
South Carolina State Bulldogs,1483.087076598631,358.0,4,1355.7692307692307,0.2857142857142857,1392.1457581490595
Canisius Golden Griffins,1499.4254204582733,343.0,2,1368.131868131868,0.16666666666666666,1390.0141268529355
Holy Cross Crusaders,1490.28774368332,330.0,1,1378.8461538461538,0.09090909090909091,1388.9772074677144
Bryant Bulldogs,1460.3044388391231,354.0,4,1359.065934065934,0.2857142857142857,1387.991221143988
Rider Broncs,1461.9152696549645,357.0,4,1356.5934065934066,0.2857142857142857,1386.6853674681374
Gardner-Webb Runnin' Bulldogs,1461.8376212101332,363.0,4,1351.6483516483518,0.2857142857142857,1383.131000094575
Bucknell Bison,1490.28774368332,338.0,1,1372.2527472527472,0.09090909090909091,1382.9832014737083
Morgan State Bears,1479.7447533632517,350.0,2,1362.3626373626373,0.16666666666666666,1381.9263233627396
The Citadel Bulldogs,1480.5823362556437,352.0,2,1360.7142857142858,0.16666666666666666,1380.6922941378455
UTSA Roadrunners,1491.132663171781,345.0,1,1366.4835164835165,0.09090909090909091,1377.8152570915404
Kansas City Roos,1479.4851906306728,356.0,2,1357.4175824175825,0.16666666666666666,1377.7621837864308
VMI Keydets,1480.3038239444872,359.0,2,1354.9450549450548,0.16666666666666666,1375.8381831116271
Coppin State Eagles,1479.4992123771706,364.0,2,1350.8241758241759,0.16666666666666666,1372.270015249675
Bryant & Stratton (Ohio) Bobcats,1489.6831814884597,354.0,1,1359.065934065934,0.09090909090909091,1370.9402292861635
Delaware State Hornets,1489.4713794728557,361.0,1,1353.2967032967033,0.09090909090909091,1365.676219312717
